tier,blocks,machines,num_days,assignments,runtime_s,objective
small,4,2,112,122.0,31.81248008925468,-75039.791
medium,8,4,112,272.0,84.88192920479923,-261097.033
large,16,6,112,317.0,108.97461829520762,-359224.711
