{
  "samples": 1,
  "total_production": 17658.811007999997,
  "total_hours": 552.0,
  "mobilisation_cost": 585.64,
  "average_utilisation": 0.36507936507936506
}