{
  "samples": 1,
  "total_production": 17658.811008,
  "total_hours": 552.0,
  "mobilisation_cost": 372.68,
  "average_utilisation": 0.3650793650793651
}