{
  "samples": 1,
  "total_production": 1385.2960000000003,
  "total_hours": 976.0,
  "mobilisation_cost": 0.0,
  "average_utilisation": 0.6171171171171171
}