{
  "samples": 1,
  "total_production": 138936.748151,
  "total_hours": 5064.0,
  "mobilisation_cost": 10564.68,
  "average_utilisation": 0.558201058201058
}