{
  "samples": 50,
  "total_production": 756948.2441026856,
  "total_hours": 26256.0,
  "mobilisation_cost": 27258.879999999997,
  "average_utilisation": 0.34730158730158733
}