{
  "samples": 50,
  "total_production": 5962585.303359797,
  "total_hours": 240744.0,
  "mobilisation_cost": 500421.04000000004,
  "average_utilisation": 0.5307407407407407
}