algorithm,wins,scenarios,win_rate,avg_best_objective,avg_mean_objective,avg_runtime,avg_delta_vs_best
bayes,1,1,1.0,-75039.791,-75039.791,2.0347333333333335,0.0
grid,1,1,1.0,-75039.791,-75039.791,2.2600000000000002,0.0
ils,1,1,1.0,-75039.791,-75039.791,6.693,0.0
random,1,1,1.0,-75039.791,-75039.791,2.285,0.0
tabu,1,1,1.0,-75039.791,-75039.791,23.851,0.0
