{
  "samples": 50,
  "total_production": 6048925.473450428,
  "total_hours": 243072.0,
  "mobilisation_cost": 506537.6,
  "average_utilisation": 0.5358730158730158
}