{
  "samples": 1,
  "total_production": 140641.788927,
  "total_hours": 5112.0,
  "mobilisation_cost": 10682.68,
  "average_utilisation": 0.5634920634920635
}